Respondent ID,Collector ID,Start Date,End Date,IP Address,Email Address,First Name,Last Name,Custom Data 1,"Дорогой читатель!Спасибо, что согласились принять участие в исследовании! Пожалуйста, укажите ваши инициалы, возраст и пол - эти сведения нужны только для удобства обработки данных и не будут использоваться с иными целями.","ПОМОГИТЕ!!!11111Пожалуйста, придумайте псевдоним! ВНИМАНИЕ! Сохраните его! ИСПОЛЬЗУЙТЕ во втором тесте! Только так я смогу сравнить ваши результаты в двух опросах. https://i.postimg.cc/TwW2KJ90/st-small-845x845-pad-1000x1000-f8f8f8.jpg","Пожалуйста, снова укажите ваш псевдоним!","Пожалуйста, укажите ваш гендер","Пожалуйста, укажите вашу дату рождения.","Пожалуйста, укажите своё образование","Ваше образование и/или специальность связаны с чтением, книжным рынком или изучением литературы?","Пожалуйста, отметьте, к какой сфере относится ваша работа.",Unnamed: 17,"Вам нужно будет ответить, автор перед вами или нет. Удачи!",Это автор? https://i.postimg.cc/rz2M9Xpj/image.png,Это автор? https://i.postimg.cc/Xqzzr06k/M.png,Это автор? https://i.postimg.cc/3xDbT4nk/image.png,Это автор? https://i.postimg.cc/Twr6YN0W/image.png,Это автор? https://i.postimg.cc/yNJkbyy4/image.png,Это автор? https://i.postimg.cc/Fz0Jn5PL/image.png,"
 
 Это автор? https://i.postimg.cc/RZQ2Ty74/image.png","
 
 Это автор? https://i.postimg.cc/v8n9mfQZ/image.png","
 
 Это автор? https://i.postimg.cc/MKbQ7wfk/image.png","
 
 Это автор? https://i.postimg.cc/cJ6tG89Z/image.png","
 
 Это автор? https://i.postimg.cc/JhgDr4vX/image.png","
 
 Это автор? https://i.postimg.cc/nzDsCffP/image.png","
 
 Это автор? https://i.postimg.cc/yxhkyhdh/image.png","
 
 Это автор? https://i.postimg.cc/MZ1MwwDc/image.png", Это автор? https://i.postimg.cc/sDyBDL6T/image.png,    Это автор? https://i.postimg.cc/4xxmp9Tt/image.png,    Это автор? https://i.postimg.cc/9FMmdTWX/output-onlinetexttools.png,    Это автор? https://i.postimg.cc/BvdbW7Pc/image.png,    Это автор? https://i.postimg.cc/1twty0px/image.png,    Это автор? https://i.postimg.cc/2yY5yqw1/image.png,    Это автор? https://i.postimg.cc/brRwtzC3/image.png,    Это автор? https://i.postimg.cc/6pqp8xdf/image.png,    Это автор? https://i.postimg.cc/cLz4Ykhy/image.png,    Это автор? https://i.postimg.cc/qRVJDtW1/image.png,    Это автор? https://i.postimg.cc/G2FcWLCd/image.png,    Это автор? https://i.postimg.cc/wM96HCqJ/image.png,    Это автор? https://i.postimg.cc/KvvZWhsh/image.png,    Это автор? https://i.postimg.cc/6QRwZWTn/image.png,    Это автор? https://i.postimg.cc/ydyHfLmN/image.png,    Это автор? https://i.postimg.cc/02Qsfdb8/image.png,    Это автор? https://i.postimg.cc/htQqFDL6/image.png,    Это автор? https://i.postimg.cc/YScBM589/image.png,    Это автор? https://i.postimg.cc/63tsGCkx/image.png,    Это автор? https://i.postimg.cc/Zn51w4Yf/image.png,    Это автор? https://i.postimg.cc/XN2MpGxt/image.png,    Это автор? https://i.postimg.cc/kXD08JpG/image.png,    Это автор? https://i.postimg.cc/pX7gJwwZ/image.png,    Это автор? https://i.postimg.cc/R01y9NNs/image.png,    Это автор? https://i.postimg.cc/QCCypmSw/image.png,    Это автор? https://i.postimg.cc/Jn1ghMX1/image.png,    Это автор? https://i.postimg.cc/4dB07qvp/image.png,    Это автор? https://i.postimg.cc/wx4P6Kjp/image.png,    Это автор? https://i.postimg.cc/dt7f3WhT/image.png,    Это автор? https://i.postimg.cc/8CbK990x/image.png,    Это автор? https://i.postimg.cc/gj1N3WxL/image.png,    Это автор? https://i.postimg.cc/kXtjqBHQ/image.png,    Это автор? https://i.postimg.cc/6pJM3BsD/image.png,    Это автор? https://i.postimg.cc/t432n8p7/image.png,    Это автор? https://i.postimg.cc/8CTwRwz4/image.png,    Это автор? https://i.postimg.cc/KcszsQp3/output-onlinetexttools-5.png,    Это автор? https://i.postimg.cc/mrVj8Mcs/image.png,    Это автор? https://i.postimg.cc/xC4RS2yp/image.png,    Это автор? https://i.postimg.cc/D04cvMxv/image.png,    Это автор? https://i.postimg.cc/23p7V7t4/image.png,    Это автор? https://i.postimg.cc/CMZynMt1/image.png,    Это автор? https://i.postimg.cc/Dyst5j73/image.png,    Это автор? https://i.postimg.cc/nhJNW4Lj/image.png,    Это автор? https://i.postimg.cc/cJDj6PBw/image.png,    Это автор? https://i.postimg.cc/VsnRqz7L/output-onlinetexttools-20.png,    Это автор? https://i.postimg.cc/JnGFXKpg/image.png,    Это автор? https://i.postimg.cc/nzgPG75L/image.png,    Это автор? https://i.postimg.cc/vTnSqTFt/image.png,    Это автор? https://i.postimg.cc/HLWRYTXT/image.png,    Это автор? https://i.postimg.cc/Ghk5v4jc/image.png,    Это автор? https://i.postimg.cc/nh2SwN5g/image.png,    Это автор? https://i.postimg.cc/br1305k6/image.png,    Это автор? https://i.postimg.cc/MKb9vhWH/image.png,    Это автор? https://i.postimg.cc/Z5bV3VRc/image.png,    Это автор? https://i.postimg.cc/t4BDzWnH/image.png,    Это автор? https://i.postimg.cc/Ls7TcSVC/image.png,    Это автор? https://i.postimg.cc/fyQvbvpY/image.png,    Это автор? https://i.postimg.cc/BZ2gVdPp/image.png,    Это автор? https://i.postimg.cc/3JBZKmBD/image.png,    Это автор? https://i.postimg.cc/g2tqhp1z/image.png,    Это автор? https://i.postimg.cc/hGHLCrSN/image.png,    Это автор? https://i.postimg.cc/bYt6mxvP/output-onlinetexttools-19.png,    Это автор? https://i.postimg.cc/j2TzTSnX/image.png,    Это автор? https://i.postimg.cc/HW0w2XFP/image.png,    Это автор? https://i.postimg.cc/TYRrHh62/image.png,    Это автор? https://i.postimg.cc/3N3D6fzf/image.png,    Это автор? https://i.postimg.cc/pLSzTZny/image.png,    Это автор? https://i.postimg.cc/x8gbSy2f/image.png,    Это автор? https://i.postimg.cc/nhrqp5r6/image.png,    Это автор? https://i.postimg.cc/pdn4RVPt/output-onlinetexttools-8.png,    Это автор? https://i.postimg.cc/7LT7T2g9/image.png,    Это автор? https://i.postimg.cc/WbXMRjNG/image.png,    Это автор? https://i.postimg.cc/dQ9CdvTb/image.png,    Это автор? https://i.postimg.cc/nccDG54C/image.png,    Это автор? https://i.postimg.cc/TY7W790Q/image.png,    Это автор? https://i.postimg.cc/qvN693Zr/image.png,    Это автор? https://i.postimg.cc/jjNwjrbk/image.png,    Это автор? https://i.postimg.cc/N01DdKgL/output-onlinetexttools-10.png,    Это автор? https://i.postimg.cc/1zxX2Yq0/image.png,       Это автор? https://i.postimg.cc/gJmJkX4n/image.png,    Это автор? https://i.postimg.cc/hv3PrCnd/image.png,    Это автор? https://i.postimg.cc/yNXhF2PZ/output-onlinetexttools-11.png,    Это автор? https://i.postimg.cc/4x3n8qsc/output-onlinetexttools-12.png,    Это автор? https://i.postimg.cc/k5dMf60f/image.png,    Это автор? https://i.postimg.cc/J04WrwTc/output-onlinetexttools-13.png,    Это автор? https://i.postimg.cc/XqXnpw57/image.png,    Это автор? https://i.postimg.cc/x87nHcGG/image.png,    Это автор? https://i.postimg.cc/sf0VbNFB/image.png,    Это автор? https://i.postimg.cc/YqGp7zkd/image.png,    Это автор? https://i.postimg.cc/x1w83Vpn/output-onlinetexttools-22.png,    Это автор? https://i.postimg.cc/hGgg9FmY/image.png,    Это автор? https://i.postimg.cc/QMbDm6kd/image.png,    Это автор? https://i.postimg.cc/nzSJbCW8/image.png,    Это автор? https://i.postimg.cc/Zn9hTJkW/image.png,    Это автор? https://i.postimg.cc/sDk0Kdp6/output-onlinetexttools-14.png,    Это автор? https://i.postimg.cc/tRfjBnPW/image.png,    Это автор? https://i.postimg.cc/Z5jsm9Gg/output-onlinetexttools-15.png,    Это автор? https://i.postimg.cc/mDDvwTgm/image.png,    Это автор? https://i.postimg.cc/tTMLv81p/image.png,    Это автор? https://i.postimg.cc/WzqxBSrr/image.png,    Это автор? https://i.postimg.cc/xjWdc46w/image.png,    Это автор? https://i.postimg.cc/MKVpRm4v/image.png,    Это автор? https://i.postimg.cc/4xGN1hkw/image.png,    Это автор? https://i.postimg.cc/L8V4Q6mS/image.png,    Это автор? https://i.postimg.cc/Jns1hNZ7/image.png,    Это автор? https://i.postimg.cc/TwBT5KJV/image.png,    Это автор? https://i.postimg.cc/WzrTGs5Q/image.png,    Это автор? https://i.postimg.cc/dtPqqT1v/image.png,    Это автор? https://i.postimg.cc/LsXSytyk/image.png,    Это автор? https://i.postimg.cc/Gp5C64NW/image.png,    Это автор? https://i.postimg.cc/Hx8gmp1V/image.png,    Это автор? https://i.postimg.cc/85cvLJSc/output-onlinetexttools-0.png,    Это автор? https://i.postimg.cc/Hk0bm1zY/output-onlinetexttools-1.png,    Это автор? https://i.postimg.cc/C5ff63dV/output-onlinetexttools-3.png,    Это автор? https://i.postimg.cc/nzWD2FFk/output-onlinetexttools-4.png,    Это автор? https://i.postimg.cc/L4qCph1m/output-onlinetexttools-5.png,    Это автор? https://i.postimg.cc/dDPTM5TZ/output-onlinetexttools-6.png,    Это автор? https://i.postimg.cc/HLszPLmD/output-onlinetexttools-12.png,    Это автор? https://i.postimg.cc/1t8HsY4v/output-onlinetexttools-14.png,    Это автор? https://i.postimg.cc/W4W8RPpD/output-onlinetexttools-13.png,"Спасибо за участие в нашем исследовании! На этой странице вы можете оставить любые ваши комментарии, жалобы и предложения!","Читая книгу и не понимая ее, библиофил уподобляется ослу, слушающему, поводя ушами, звук божественной лиры, множество книг его так же не сделают ученым, как, согласно пословице, — обезьяна всегда останется обезьяной, хотя бы она носила золотое ожерелье.
Лукиан
 https://i.postimg.cc/3JtxNKH4/BU4815kb-Lhk.jpg",Пройдите по ссылке. Там второй опрос.https://ru.surveymonkey.com/r/VNKG3YG
13572659045.0,413588912.0,10/18/2022 01:52:23 PM,10/18/2022 01:54:13 PM,46.229.209.66,,,,,АД27Ж,кантария,кантария,Женский,,,,,,,,,,,,,,,,,,,,,,,,,,,,,,,,,,,,,,,,,,,,,,,,,,,,,,,,,,,,,,,,,,,,,,,,,,,,,,,,,,,,,,,,,,,,,,,,,,,,,,,,,,,,,,,,,,,,,,,,,,,,,,,,,,,,,,,,,,,,,,,
13571473717.0,413588912.0,10/16/2022 08:39:52 AM,10/16/2022 08:40:44 AM,90.154.72.248,,,,,KK 50 жен,Лапта,Лапта,Женский,,,,,,,,,,,,,,,,,,,,,,,,,,,,,,,,,,,,,,,,,,,,,,,,,,,,,,,,,,,,,,,,,,,,,,,,,,,,,,,,,,,,,,,,,,,,,,,,,,,,,,,,,,,,,,,,,,,,,,,,,,,,,,,,,,,,,,,,,,,,,,,
13571369687.0,413588912.0,10/15/2022 10:35:52 PM,10/15/2022 10:37:05 PM,46.161.100.89,,,,,Е.А. женский пол 35 лет,Arsinoya,Arsinoya,Женский,,,,,,,,,,,,,,,,,,,,,,,,,,,,,,,,,,,,,,,,,,,,,,,,,,,,,,,,,,,,,,,,,,,,,,,,,,,,,,,,,,,,,,,,,,,,,,,,,,,,,,,,,,,,,,,,,,,,,,,,,,,,,,,,,,,,,,,,,,,,,,,
13571320724.0,413588912.0,10/15/2022 07:41:33 PM,10/15/2022 07:42:05 PM,188.170.78.199,,,,,,Заиназая,Заиназая,,,,,,,,,,,,,,,,,,,,,,,,,,,,,,,,,,,,,,,,,,,,,,,,,,,,,,,,,,,,,,,,,,,,,,,,,,,,,,,,,,,,,,,,,,,,,,,,,,,,,,,,,,,,,,,,,,,,,,,,,,,,,,,,,,,,,,,,,,,,,,,,
13571320187.0,413588912.0,10/15/2022 07:39:40 PM,10/15/2022 07:40:22 PM,217.70.18.201,,,,,"ТС, Ж, 35",Kroko,Kroko,Женский,,,,,,,,,,,,,,,,,,,,,,,,,,,,,,,,,,,,,,,,,,,,,,,,,,,,,,,,,,,,,,,,,,,,,,,,,,,,,,,,,,,,,,,,,,,,,,,,,,,,,,,,,,,,,,,,,,,,,,,,,,,,,,,,,,,,,,,,,,,,,,,
13571312295.0,413588912.0,10/15/2022 07:15:08 PM,10/15/2022 07:16:28 PM,37.78.134.102,,,,,ОВШ41Ж,ОВШ41Ж,ОВШ41Ж ,Женский,,,,,,,,,,,,,,,,,,,,,,,,,,,,,,,,,,,,,,,,,,,,,,,,,,,,,,,,,,,,,,,,,,,,,,,,,,,,,,,,,,,,,,,,,,,,,,,,,,,,,,,,,,,,,,,,,,,,,,,,,,,,,,,,,,,,,,,,,,,,,,,
13571278906.0,413588912.0,10/15/2022 05:45:54 PM,10/15/2022 05:46:52 PM,185.232.110.74,,,,,,Мара,Мара,Женский,,,,,,,,,,,,,,,,,,,,,,,,,,,,,,,,,,,,,,,,,,,,,,,,,,,,,,,,,,,,,,,,,,,,,,,,,,,,,,,,,,,,,,,,,,,,,,,,,,,,,,,,,,,,,,,,,,,,,,,,,,,,,,,,,,,,,,,,,,,,,,,
13571013818.0,413588912.0,10/14/2022 11:31:14 PM,10/14/2022 11:32:34 PM,5.228.231.188,,,,,М. Т. Ю. 35 ЖЕН,Кареглазка,Кареглазка,Женский,,,,,,,,,,,,,,,,,,,,,,,,,,,,,,,,,,,,,,,,,,,,,,,,,,,,,,,,,,,,,,,,,,,,,,,,,,,,,,,,,,,,,,,,,,,,,,,,,,,,,,,,,,,,,,,,,,,,,,,,,,,,,,,,,,,,,,,,,,,,,,,
13570969523.0,413588912.0,10/14/2022 09:50:02 PM,10/14/2022 09:51:30 PM,213.87.89.124,,,,,"Ю, 30 лет, женский",Натурпродукт,Натурпродукт,Женский,,,,,,,,,,,,,,,,,,,,,,,,,,,,,,,,,,,,,,,,,,,,,,,,,,,,,,,,,,,,,,,,,,,,,,,,,,,,,,,,,,,,,,,,,,,,,,,,,,,,,,,,,,,,,,,,,,,,,,,,,,,,,,,,,,,,,,,,,,,,,,,
13567952752.0,413588912.0,10/10/2022 06:23:51 AM,10/10/2022 06:25:00 AM,37.214.55.16,,,,,"Б.Е.А Муж, 31",prinzoigen,prinzoigen,Мужской,,,,,,,,,,,,,,,,,,,,,,,,,,,,,,,,,,,,,,,,,,,,,,,,,,,,,,,,,,,,,,,,,,,,,,,,,,,,,,,,,,,,,,,,,,,,,,,,,,,,,,,,,,,,,,,,,,,,,,,,,,,,,,,,,,,,,,,,,,,,,,,
13461653296.0,413588912.0,05/03/2022 11:00:46 AM,05/03/2022 11:01:49 AM,46.98.227.241,,,,,Краснощокова Людмила,Тель Дракон,,Женский,,,,,,,,,,,,,,,,,,,,,,,,,,,,,,,,,,,,,,,,,,,,,,,,,,,,,,,,,,,,,,,,,,,,,,,,,,,,,,,,,,,,,,,,,,,,,,,,,,,,,,,,,,,,,,,,,,,,,,,,,,,,,,,,,,,,,,,,,,,,,,,
13455689666.0,413588912.0,04/26/2022 04:03:57 PM,04/26/2022 04:04:50 PM,213.138.95.58,,,,,ANARCHY 27 F,Anarchy,,Женский,,,,,,,,,,,,,,,,,,,,,,,,,,,,,,,,,,,,,,,,,,,,,,,,,,,,,,,,,,,,,,,,,,,,,,,,,,,,,,,,,,,,,,,,,,,,,,,,,,,,,,,,,,,,,,,,,,,,,,,,,,,,,,,,,,,,,,,,,,,,,,,
13443793191.0,413588912.0,04/13/2022 11:16:55 AM,04/13/2022 11:19:05 AM,89.219.182.114,,,,,"ЭВ, 31",Rapture,,Мужской,,,,,,,,,,,,,,,,,,,,,,,,,,,,,,,,,,,,,,,,,,,,,,,,,,,,,,,,,,,,,,,,,,,,,,,,,,,,,,,,,,,,,,,,,,,,,,,,,,,,,,,,,,,,,,,,,,,,,,,,,,,,,,,,,,,,,,,,,,,,,,,
