Respondent ID,Collector ID,Start Date,End Date,IP Address,Email Address,First Name,Last Name,Custom Data 1,"Дорогой читатель!Спасибо, что согласились принять участие в исследовании! Пожалуйста, укажите ваши инициалы, возраст и пол - эти сведения нужны только для удобства обработки данных и не будут использоваться с иными целями.","ПОМОГИТЕ!!!11111Пожалуйста, придумайте псевдоним! ВНИМАНИЕ! Сохраните его! ИСПОЛЬЗУЙТЕ во втором тесте! Только так я смогу сравнить ваши результаты в двух опросах. https://i.postimg.cc/TwW2KJ90/st-small-845x845-pad-1000x1000-f8f8f8.jpg","Пожалуйста, снова укажите ваш псевдоним!","Пожалуйста, укажите ваш гендер","Пожалуйста, укажите вашу дату рождения.","Пожалуйста, укажите своё образование","Ваше образование и/или специальность связаны с чтением, книжным рынком или изучением литературы?","Пожалуйста, отметьте, к какой сфере относится ваша работа.",Unnamed: 17,Сейчас вам будет нужно прочитать несколько текстов на тему “Молоко: польза или вред?” и ответить на несколько вопросов на понимание текста. Удачи!,"Трое студентов из США, Анна, Кристофер и Сэм, сидят в кофейне. Владелец недавно повесил на витрине объявление: ""После 5 апреля мы перестаем подавать коровье молоко. Вместо него будет предлагаться соевый заменитель"". Анне, Кристоферу и Сэму становится интересно, почему в кофейне решили перестать подавать коровье молоко, поэтому Анна достает телефон и начинает искать информацию о коровьем молоке в интернете. Ребята открывают первый же результат поиска, читают, а потом обсуждают его.","«Фермерские молочные продукты на рынке»Молочные продукты торговой марки «Фермерские молочные продукты на рынке» содержат все основные питательные вещества: кальций, протеины, витамин D, Витамин B12, рибофлавин и калий. Эти витамины и микроэлементы делают молочные продукты «Фермерские молочные продукты на рынке» важной составляющей здорового питания. Ежедневное употребление молочных продуктов нашей торговой марки - это прекрасный способ обеспечить организм всеми необходимыми витаминами и микроэлементами.Употребление молочных продуктов торговой марки «Фермерские молочные продукты на рынке» способствует снижению веса и помогает поддерживать здоровую массу тела. Молоко укрепляет кости и увеличивает их плотность. Оно также укрепляет сердечно-сосудистую систему и даже помогает предотвратить рак. Всего один стакан молока полон витаминами и микроэлементами и может принести невероятно много пользы для здоровья.По мнению Билла Сирса, доктора медицинских наук, профессора клинической педиатрии в Калифорнийском университете в Ирвайне, молоко содержит в себе множество важных питательных веществ. Международная ассоциация производителей молочных продуктов (IDFA) поддерживает это мнение. Более того, Международная ассоциация производителей молочных продуктов (IDFA) предполагает, что многие специалисты и организации в области здравоохранения также согласятся с этим мнением.Молоко содержит полный набор из девяти самых важных питательных веществ. Молоко – это не только отличный источник кальция и витамина D, оно также содержит большое количество витамина A, протеина и калия. Врачи настоятельно рекомендуют употреблять молочные продукты. Их важная роль в здоровом питании уже давно была признана сообществами по здоровому питанию и научными сообществами. Это мнение, которое поддерживают такие организации, как Национальный фонд остеопороза, Национальные институты здравоохранения, Совет Американской медицинской ассоциации по научным вопросам и многие другие ведущие организации в области здравоохранения. Международная ассоциация производителей молочных продуктов, 27 сентября 2007 года.","С каким из утверждений, по словам IDFA, согласны ведущие специалисты в области здравоохранения?",Какова основная цель этого текста?,"Анна, Кристофер и Сэм обсуждают решение владельца кофейни перестать продавать коровье молоко. Сэм говорит: ""Возможно, коровье молоко становится слишком дорогим"". Кристофер смотрит на свой телефон: ""Возможно, но я тоже поискал информацию о коровьем молоке в интернете. Я отправлю вам ссылку на недавнюю статью, которая, возможно, сможет всѐ объяснить.Анна и Сэм переходят по ссылке и читают статью ""Просто скажите ""Нет"" коровьему молоку!"".","«Просто скажите «Нет» коровьему молоку!» Репортер по вопросам здравоохранения, доктор Р. Гарза.Коровье молоко играет большую роль в жизни многих людей в Соединенных Штатах Америки. Младенцы пьют молоко из бутылочек. Дети едят кукурузные хлопья с молоком. Даже взрослые с удовольствием выпивают стакан холодного молока время от времени. Впрочем, коровье молоко занимает значительное место в питании людей по всему миру. Однако все больше и больше исследований говорят о том, что коровье молоко, возможно, не «приносит организму добро», как об этом говорится в популярном американском рекламном слогане.Министерство сельского хозяйства США, Американский совет по молочной продукции, Корпорация молочных продуктов и другие организации на протяжении многих лет усердно трудились над тем, чтобы пропагандировать употребление молока. К примеру, они призывают взрослых людей выпивать не менее трех стаканов молока в день. Однако некоторые исследования, проведѐнные в последние десять лет, ставят под сомнение способность молока укреплять кости, а также другие заявления о пользе молока. Результаты новейших исследований могут вас удивить.Результаты одного из самых современных и важных исследований о влиянии употребления коровьего молока были опубликованы в журнале «Британский медицинский журнал» (British Medical Journal) в октябре 2014 года. Эти результаты позволили сделать ряд серьезных выводов об употреблении молока. В рамках данного исследования более 100 000 людей в Швеции находились под наблюдением в течение 20-30 лет. Исследователи обнаружили, что женщины, употребляющие молоко, чаще страдали от переломов костей. Кроме этого, и мужчины и женщины, которые употребляли молоко, были более предрасположены к сердечно-сосудистым и раковым заболеваниям. Эти ошеломляющие результаты схожи с результатами других исследований.Комитет врачей по ответственной медицине (PCRM-the Physicians Committee for Responsible Medicine) высказал свое мнение о проблемах со здоровьем, которые связаны с употреблением молока. Он утверждает, что молоко и молочные продукты «приносят костям незначительную пользу или не приносят еѐ вообще». Комитет врачей по ответственной медицине (PCRM) идет дальше и описывает конкретные проблемы, связанные с употреблением молока:«Молочные протеины, молочный сахар, жиры и насыщенные жиры, которые содержатся в молочных продуктах, представляют опасность для детей и способствуют развитию ожирения, возникновению диабета и заболеваний сердца».Это очень серьезные заявления. Требуются дополнительные исследования для того, чтобы их подтвердить. Однако появляется все больше доказательств, что употребление молока менее полезно для нашего организма, чем предполагалось ранее. Если эти заявления станут неоспоримыми фактами, то, возможно, настанет время сказать «нет» коровьему молоку.","Укажите какие из перечисленных ниже целей мог поставить перед собой доктор Гарза, когда решил написать эту статью? Отметьте все возможные варианты.",Unnamed: 26,Unnamed: 27,"*Постарайтесь ответить подробно! Это очень важно! Доктор Гарза описывает некоторые результаты исследований, которые могут ""удивить"" читателей. Укажите один из них.","Используя информацию из двух прочитанных вами текстов о молоке, определите, являются ли данные утверждения фактами или мнениями. Отметьте ""Факт"" ИЛИ ""Мнение"" для каждого утверждения.",Unnamed: 30,Unnamed: 31,Unnamed: 32,Unnamed: 33,Unnamed: 34,Unnamed: 35,Unnamed: 36,"В двух статьях, которые вы только что прочли, мнения авторов о роли молока в повседневном питании сильно отличаются. По какому основному вопросу авторы не согласны друг с другом?","Теперь Анна, Сэм и Кристофер обсуждают статьи.Кристофер: Неважно, что там думает владелец этой кофейни, я буду продолжать пить молоко каждый день. Оно правда полезно для меня.Анна: А я вот - нет! Я буду пить намного меньше молока, раз оно оказалось не слишком полезно для меня.Сэм: А я пока не знаю... Думаю, что нам нужно больше информации, прежде чем делать какие-либо выводы.",С кем Вы согласны?,*Постарайтесь ответить подробно! Это очень важно! Объясните свой ответ. Используйте информацию хотя бы одного из текстов.,"Спасибо за участие в нашем исследовании! На этой странице вы можете оставить любые ваши комментарии, жалобы и предложения!","Как приятно так провести вечер! Говоря откровенно, я не знаю удовольствий, подобных чтению. Насколько быстрее устаёшь от всякого другого занятия! Когда я обзаведусь собственным домом, я почувствую себя несчастной, если у меня не будет хорошей библиотеки!
Джейн Остин















 https://i.postimg.cc/qvHttSLR/35-Things-To-Do-With-All-Those-Books.jpg",Пройдите по ссылке. Там второй опрос.https://ru.surveymonkey.com/r/VNDF932
13576115846.0,413588875.0,10/24/2022 08:30:06 PM,10/24/2022 08:31:38 PM,46.53.243.107,,,,,"Шок, 36, женщина ",ШОК,ШОК,Женский,,,,,,,,,,,,,,,,,,,,,,,,,,,,,,,
